39	from dataclasses import dataclass, field
27	- 适用环境：PostgreSQL / MySQL / SQLite 等主流数据库
22	- 官方发布说明：https://go.dev/doc/devel/release
22	- Bash 5.x 与 POSIX sh 的行为差异仍然是最常见的可移植性来源
19	- 官方说明：https://learn.microsoft.com/dotnet/core/whats-new/
18	- Rust 2024 edition 已成为主流，编译器与标准库保持快速小步演进
16	public static void main(String[] args) {
14	- 适用环境：Git / Docker / Kubernetes / CI 平台
14	5. 在 核心知识 这一步去掉一个前提，观察输出怎样变化；变化本身不能说明原因，还要写出被破坏的假设。
13	- 官方说明：https://kotlinlang.org/docs/releases.html
13	- Kotlin 2.x 以 K2 编译器为核心，语言版本与 JVM 目标独立配置
13	把输入从正常值改成越界值，记录程序是报错、降级还是静默出错，三者对应的修复策略不同。
12	digest = hashlib.sha256(b"password").hexdigest()
9	- 改动点：只把TypeScript的输入换成空值、极值或错误输入，其余保持不变。
9	- **一、资产、边界与信任**：先回答：保护哪些数据、谁可以访问、哪些组件是信任边界、攻击者能从哪些入口进入
8	按照「验证命令与预期输出」从干净环境运行一次完整流程，记录版本、命令、真实输出和耗时。然后只修改一个输入或参数，先写预测，再运行并解释差异。
8	**验收标准**：失败能稳定复现；系统没有留下半完成状态；回滚后关键数据与资源一致。
8	**验收标准**：命令可以从零开始复现，输出与预测的差异有机制层面的解释，而不是只写成功或失败。
8	下一步选择一个真实但范围可控的任务，先写验收标准，再提交一个可运行增量。每次只改变一个变量，并保留失败样本和回滚记录。
8	先建最小控制台程序，再补类型、异步和异常路径，最后用 dotnet test 验证。
8	别人只阅读仓库说明和测试，就能复现主要结论；任何跳过、例外或未解决风险都有明确记录，而不是依赖口头解释。
8	3. 失败路径：让一个依赖超时、返回错误或中途断开，验证系统能快速止损并说明恢复动作。
8	去掉变量展开外的引号，或者让管道中的前一段命令失败。记录退出码、标准错误和最终输出，确认错误是否被掩盖。
8	把项目实战看成可交付增量：先定义用户与验收标准，再拆里程碑，每个阶段都留下能运行、能测试、能回滚的产物。
8	**验收标准**：别人只阅读提交记录和测试就能复核结果；性能、权限、成本和回滚边界都有明确说明。
7	print(socket.gethostbyname("localhost"))
7	- 本课阶段：进阶。需要能够独立阅读命令、代码或配置，并会用日志和测试验证结果。
7	把计算机看成一个分层机器：逻辑门组成运算单元，指令驱动数据移动，缓存缩短等待时间，操作系统把硬件抽象成可编程接口。
7	把数据库看成一本多人同时改写的账本：先定义事实与约束，再考虑索引、并发和恢复，最后才讨论性能。
6	把算法看成一张可复核的路线图：输入规模决定走哪条路，每一步都要说明为什么不会漏解、为什么最终会停下来，以及代价如何增长。
6	5. 减少一个输入字段后重跑 answer，记录失败信息出现在哪一层，据此判断这个字段是必填还是可推导。
6	- **考点 1：核心知识 的代码阅读题**：先独立作答，再回到本课正文核对 answer 的执行路径；答错时记录是哪一个前提被忽略。
5	- **Kotlin 基础机制速览**：Kotlin 主要编译成 JVM 字节码，也可以编译成 JavaScript 或原生代码。
5	函数是一等对象，可以作为参数、返回值和对象属性。闭包让函数记住定义时的词法作用域，常用于回调、模块私有状态和工厂函数。`this` 的值取决于调用方式，普通调用、方法调用、构造函数和箭头函数规则不同；箭头函数不绑定自己的 this，适合回调，不适合需要动态 this 的方法。
5	宏在预处理阶段替换文本，要加括号并避免多次求值副作用；`#include` 保护防止重复包含。未定义行为包括越界访问、解引用空指针、未初始化读取、有符号溢出和不匹配的格式化参数，编译器优化后可能产生难以预测的结果。使用编译器警告、静态分析、sanitizer 和调试器定位内存问题；测试要覆盖空输入、边界长度、内存分配失败和错误路径。
5	`List`、`Set`、`Map` 默认只读接口，`MutableList` 等提供修改操作。集合操作 `map`、`filter`、`groupBy`、`associate` 返回新集合，序列 Sequence 适合大数据惰性处理。泛型通过 `out` 和 `in` 表达协变与逆变，类型投影处理更复杂的使用位置。`let`、`run`、`with`、`apply`、`also` 的作用域和返回值不同，应根据“访问对象、配置对象还是返回结果”选择。
5	- 再把Kotlin当成对照实验的变量：固定其他条件，只改变它的取值，记录输出是否变化。结论“变”或“不变”都要写出理由，并说明这个理由能否被他人独立复现。
5	受检异常必须在签名中声明或捕获，非受检异常通常表示编程错误。`try-with-resources` 自动关闭实现 AutoCloseable 的资源。线程共享堆内存，必须使用同步、锁、原子类或并发集合保护共享状态；线程池避免频繁创建线程，但要合理设置队列、拒绝策略和超时。虚拟线程降低了高并发 I/O 的线程成本，但不会自动消除数据竞争。
5	`List`、`Set`、`Map` 是集合接口，`ArrayList`、`HashSet`、`HashMap` 是常见实现。泛型在编译期提供类型检查，运行时发生类型擦除，因此不能创建泛型数组，也不能依赖运行时泛型信息。Stream 提供声明式的筛选、映射和聚合，但要注意惰性、短路和并行流的线程安全。Lambda 和函数式接口让行为可以作为参数传递。
5	Kotlin 函数是表达式，单表达式函数可以省略花括号和 return。默认参数、命名参数、扩展函数和顶层函数减少工具类的数量。`data class` 自动生成 equals、hashCode、toString 和 copy，适合值对象；`sealed class` 和 sealed interface 表达有限的互斥状态，配合 when 可以做穷尽检查。高阶函数和 lambda 让集合操作更简洁，但要注意内联与分配成本。
5	协程用 suspend 函数表达可暂停的异步计算，CoroutineScope 决定生命周期，Dispatcher 决定运行线程，Job 支持取消和结构化并发。不要使用 GlobalScope 泄漏任务，异常传播和取消需要按层级处理。Kotlin 没有受检异常，资源应使用 `use` 自动关闭。测试要覆盖空值、集合边界、协程取消和线程切换，不能只验证 happy path。
5	JavaScript 是单线程执行模型，调用栈执行同步代码，事件循环在栈清空后处理任务队列和微任务队列。`setTimeout`、Promise、事件回调都通过异步机制排队执行。理解调用栈、任务队列和微任务的顺序，才能解释“为什么日志顺序和代码顺序不同”。浏览器和 Node.js 提供不同的宿主 API，但语言核心相同。
5	- 忘记转换 input() 返回的字符串，直接参与算术会抛 TypeError。
5	2. 换失败条件：制造一个TypeScript相关的错误，说明如何从错误信息定位根因。
5	Cargo 负责创建项目、管理依赖、编译和测试。包由 crate 组成，库 crate 对外暴露 API，二进制 crate 提供可执行入口。模块用 `mod` 组织代码，`pub` 控制可见性，`use` 把路径引入当前作用域。`Cargo.toml` 声明依赖和版本，`Cargo.lock` 固定可复现的依赖解析结果。
5	C 是静态类型语言，基本类型的大小依赖平台，使用 `sizeof` 而不是硬编码字节数。整数有有符号和无符号之分，混合运算会发生转换；无符号回绕有定义，有符号溢出通常是未定义行为。浮点数遵循 IEEE 754 近似表示，比较时使用容差。字符类型、字符串和数组的关系需要清楚：字符串以 `\0` 结尾，`char` 数组不一定是字符串。
5	Rust 的类型系统能在编译期阻止数据竞争：`Send` 表示类型可以跨线程转移，`Sync` 表示可以安全共享引用。`Arc<Mutex<T>>` 是共享可变状态的常见组合，`Rc<RefCell<T>>` 只适合单线程。`unsafe` 不会关闭借用检查，而是把某些安全证明责任交给开发者；使用前必须写清前置条件、后置条件和失败后果。
5	Swift 使用 LLVM 编译成原生代码，Xcode 和 Swift Package Manager 是主要工具链。`let` 声明常量，`var` 声明变量；优先使用 let，让编译器帮助你发现意外修改。类型推断根据初始值确定类型，公共 API 和复杂表达式仍应显式标注。字符串、数组、字典和集合都有值语义，赋值或传参时发生写时复制，修改副本通常不会影响原值。
5	指针保存地址，`*` 解引用，`&` 取地址；指针算术按所指类型大小移动。数组名在大多数表达式中退化为首元素指针，但 `sizeof` 和取地址时不是。函数参数中的数组声明等价于指针，长度信息会丢失，必须额外传长度。字符串函数要保证目标缓冲区足够大，优先使用带长度限制的函数，防止溢出。
5	Swift 使用 ARC 自动管理引用计数，强引用循环会让对象无法释放；闭包捕获 self 时使用 `[weak self]` 或 `[unowned self]` 要理解生命周期。错误用 `throws` 和 `try` 传播，`defer` 负责清理。结构化并发使用 async/await、Task 和 actor 隔离共享状态；并发代码仍要处理取消、优先级和数据竞争。测试时分别覆盖值语义、可选值边界和异步失败路径。
5	Promise 表示未来完成或失败的结果，`async/await` 让异步代码更接近同步写法，但不会把异步变成阻塞。错误要用 try/catch 或 `.catch` 处理，多个独立任务可以用 `Promise.all`，需要全部结束再汇总可以用 `Promise.allSettled`。DOM 操作应批量进行，避免在循环中反复读写布局；事件监听要注意冒泡、捕获、默认行为和移除监听器，防止内存泄漏。
5	在需要修改变量时去掉 mut，或者制造一次所有权转移后继续使用原变量。记录借用检查器的完整提示，理解它阻止了什么运行时错误。
5	泛型让函数和类型在保持类型关系的同时复用逻辑，约束 `extends` 限制可接受的类型。工具类型 `Partial`、`Pick`、`Omit`、`Record` 能从已有类型派生新类型，但过度嵌套会降低可读性。模块使用 `import`/`export`，类型导入使用 `import type` 可以避免生成无用运行时代码。声明文件描述第三方库的类型，缺少类型时应优先找官方类型包，而不是到处使用 any。
5	- **Rust 基础机制速览**：Rust 用所有权在编译期管理内存：每个值有唯一所有者，所有者离开作用域时值被释放；赋值或传参会移动所有权，除非类型实现了 Copy。
5	- **JavaScript 基础机制速览**：JavaScript 是单线程执行模型，调用栈执行同步代码，事件循环在栈清空后处理任务队列和微任务队列。
5	TypeScript 能从初始值推断类型，局部变量通常不需要重复写注解；公共 API、复杂对象和空值边界适合显式标注。联合类型表示“可能是几种类型之一”，通过 `typeof`、`in`、`instanceof`、判别字段和自定义类型守卫进行窄化。窄化只在当前控制流内有效，异步回调或闭包中类型可能重新变宽，需要重新检查或保存稳定值。
5	2. 换失败条件：制造一个JavaScript相关的错误，说明如何从错误信息定位根因。
5	类是对象的模板，对象保存实例字段，方法定义行为。`static` 成员属于类而不是实例，静态方法不能直接访问实例字段。构造器初始化对象，`this` 指向当前实例，`super` 调用父类成员。封装通过访问修饰符实现，继承表达“是一个”，组合表达“有一个”；优先使用组合降低耦合。`equals`、`hashCode` 和 `toString` 要根据值语义一致地重写。
5	函数原型要在调用前可见，参数按值传递；要修改调用方变量就传指针。结构体可以按值复制，较大结构体通常传指针；`struct` 的内存可能有填充，`sizeof` 不一定等于成员大小之和。`malloc/free`、`calloc`、`realloc` 必须成对使用，释放后指针置空，不能访问已释放内存。栈内存自动回收但生命周期受作用域限制，返回局部数组地址是典型错误。
5	Kotlin 主要编译成 JVM 字节码，也可以编译成 JavaScript 或原生代码。Android 开发常用 Gradle 构建，Kotlin 与 Java 可以互操作：Kotlin 调用 Java 时要注意平台类型可能为空，Java 调用 Kotlin 时要注意默认参数、扩展函数和顶层函数的生成方式。理解编译目标和互操作边界，能解释很多“本地能跑、发布变慢或崩溃”的问题。
5	Java 有基本类型和引用类型，泛型不能直接使用基本类型，需要装箱成包装类。自动装箱方便但会增加对象分配，比较包装类应使用 `equals` 而不是 `==`。字符串不可变，拼接会产生新对象，循环中应使用 `StringBuilder`。`final` 表示引用不可重新赋值，不代表对象内容不可变。
5	C 源码经过预处理、编译、汇编和链接生成可执行文件。`#include` 引入声明，函数定义提供实现，链接器负责解析外部符号。`main` 返回 0 表示成功，非 0 表示失败。理解头文件、声明与定义的区别，能区分“找不到函数声明”的编译错误和“找不到符号”的链接错误。
5	if (!res.ok) throw new Error(`HTTP ${res.status}`);
5	Java 源码编译成平台无关的字节码，JVM 负责加载、验证、解释和即时编译。JDK 包含编译器和工具，JRE 只包含运行环境。类加载器按委托模型加载类，`main` 方法是程序入口。理解编译期与运行期的区别，能定位“编译通过但运行时找不到类”和“类型擦除导致的行为差异”。
5	`val` 是只读引用，`var` 是可重新赋值的引用；只读引用指向的对象内容仍可能可变。Kotlin 区分可空类型 `T?` 和非空类型 `T`，编译器要求使用安全调用 `?.`、Elvis 运算符 `?:`、非空断言 `!!` 或智能转换处理空值。`lateinit` 适合生命周期保证会初始化的 var，`by lazy` 适合第一次访问时初始化；两者都不能滥用。
5	`var` 函数作用域且会提升，`let` 和 `const` 块级作用域并有暂时性死区。`const` 禁止重新赋值，但对象内容仍可修改。JavaScript 有原始类型和对象类型，`==` 会做隐式类型转换，`===` 同时比较类型和值；日常判断优先使用 `===`，只有明确需要转换时才用 `==`。`null`、`undefined`、`NaN` 的语义不同，判断存在性时要写清。
5	- **Java 基础机制速览**：Java 源码编译成平台无关的字节码，JVM 负责加载、验证、解释和即时编译。
5	- 参考判断：默认参数 bucket=[] 只在定义时创建一次，两次调用共享同一个列表。
5	- 再把Go当成对照实验的变量：固定其他条件，只改变它的取值，记录输出是否变化。结论“变”或“不变”都要写出理由，并说明这个理由能否被他人独立复现。
5	Rust 用所有权在编译期管理内存：每个值有唯一所有者，所有者离开作用域时值被释放；赋值或传参会移动所有权，除非类型实现了 Copy。借用分为共享借用 `&T` 和可变借用 `&mut T`，同一时间要么多个共享借用，要么一个可变借用，不能同时存在。生命周期标注描述引用之间的关系，不是延长引用存活时间；大多数简单函数可以由编译器自动推导。
5	把操作系统看成一座资源调度中心：CPU、内存、文件和设备都是有限资源，进程提出申请，内核负责隔离、分配、回收和记账。
5	声明一个局部变量却不使用，或者删除一个仍然被引用的导入。Go 会把它们当作编译错误；记录错误信息后再恢复。
5	`strictNullChecks` 把 null 和 undefined 纳入类型系统，`noImplicitAny` 禁止隐式 any，`noUncheckedIndexedAccess` 让索引访问结果可能为 undefined。类型断言 `as` 只告诉编译器“相信我”，不会改变运行时行为；能用窄化就不用断言。类型测试、运行时校验和端到端测试要配合使用，类型正确不代表业务数据正确。
5	- **TypeScript 基础机制速览**：TypeScript 在 JavaScript 之上增加静态类型检查，编译后类型信息会被擦除，运行时仍然是 JavaScript。
5	`let` 默认不可变，需要修改时加 `mut`。`if`、`match`、`while let` 和 `for` 都是表达式或控制结构，`match` 必须覆盖所有可能分支。`Option<T>` 表示可能有值，`Result<T,E>` 表示成功或失败，二者迫使调用方显式处理缺失和错误。`?` 运算符把错误向上传播，适合库函数；二进制入口可以决定是否记录并退出。
5	TypeScript 在 JavaScript 之上增加静态类型检查，编译后类型信息会被擦除，运行时仍然是 JavaScript。因此类型标注不能替代输入校验，外部数据仍要在边界处验证。`tsc` 负责类型检查和输出，现代项目通常由构建工具调用它。开启 `strict` 能提前发现 null、隐式 any 和函数参数问题，是学习类型系统的重要反馈来源。
5	- **Swift 基础机制速览**：Swift 使用 LLVM 编译成原生代码，Xcode 和 Swift Package Manager 是主要工具链。
5	Swift 函数支持参数标签、默认参数、可变参数、输入输出参数和抛出错误。参数标签让调用点更接近自然语言，`_` 可以省略标签。闭包捕获外部变量，默认是引用捕获；需要修改捕获值或在并发环境中使用时，要明确捕获列表和所有权。尾随闭包语法让回调、排序和异步代码更易读，但嵌套过深时应提取成命名函数。
5	- 再把C 语言当成对照实验的变量：固定其他条件，只改变它的取值，记录输出是否变化。结论“变”或“不变”都要写出理由，并说明这个理由能否被他人独立复现。
5	对象是键值集合，原型链提供属性查找和继承。`class` 是原型继承的语法糖，`extends` 和 `super` 简化继承写法。模块使用 `import`/`export` 显式声明依赖，避免全局污染。不可变数据、展开运算符和结构化克隆各有边界，浅拷贝不会复制嵌套对象。
5	把 square 的一个参数换成不兼容的类型，先预测报错位置再实际运行；预测与实际的差异就是本课的考点。
5	接口和类型别名都能描述对象形状，接口适合可扩展的公共契约，类型别名适合联合、交叉和函数类型。TypeScript 使用结构化类型：只要对象具有所需成员，就认为它满足类型，不要求显式继承。索引签名、可选属性和只读属性会影响赋值与读取。`unknown` 比 `any` 安全，使用前必须窄化；`never` 表示不可能的值，常用于穷尽检查。
5	`Optional` 表示可能有值也可能为 nil，必须显式处理。`if let`、`guard let`、`??` 和可选链 `?.` 是常用解包方式；强制解包 `!` 只应在逻辑上绝不可能为空且有测试保证时使用。`guard` 适合提前退出，让正常路径保持在函数主体层级。区分“值为 nil”和“值为空字符串/空数组”，不要把两者混为一谈。
5	结构体是值类型，类是引用类型；优先使用结构体表达数据，除非需要继承、身份或共享可变状态。协议定义能力契约，扩展可以为已有类型添加方法，泛型让算法适用于多种类型。协议组合、关联类型和 existential 各有取舍。属性观察器、计算属性和懒加载属性让状态管理更清晰，但要避免在初始化完成前访问依赖属性。
5	结构体组合数据，枚举表达互斥状态，trait 定义共享行为。泛型让函数和类型适用于多种具体类型，trait bound 约束泛型能力；单态化会在编译期为具体类型生成代码，因此运行时不牺牲性能但会增加二进制体积。迭代器是惰性的，`map`、`filter`、`collect` 等适配器可以组合成清晰的数据流水线，也要注意分配和借用限制。
